rank,nodeid,count,percent
1,35894,5782,0.51%
2,49254,5737,0.50%
3,24050,5695,0.50%
4,41472,5436,0.48%
5,25058,5371,0.47%
6,1203,5256,0.46%
7,21835,5165,0.45%
8,5823,5138,0.45%
9,9877,5117,0.45%
10,61471,4910,0.43%
11,19635,4868,0.43%
12,28754,4649,0.41%
13,55485,4628,0.41%
14,35283,4562,0.40%
15,3656,4474,0.39%
16,4502,4470,0.39%
17,61308,4457,0.39%
18,15365,4434,0.39%
19,48807,4394,0.39%
20,48438,4365,0.38%
21,25933,4347,0.38%
22,60398,4337,0.38%
23,10763,4271,0.38%
24,61653,4253,0.37%
25,1325,4246,0.37%
26,4399,4225,0.37%
27,18769,4202,0.37%
28,26866,4198,0.37%
29,32710,4189,0.37%
30,29933,4164,0.37%
31,27788,4121,0.36%
32,56001,4098,0.36%
33,40362,4067,0.36%
34,65034,4004,0.35%
35,1822,3991,0.35%
36,38190,3980,0.35%
37,27929,3964,0.35%
38,13714,3948,0.35%
39,18302,3945,0.35%
40,25260,3901,0.34%
41,13885,3868,0.34%
42,21958,3772,0.33%
43,37671,3752,0.33%
44,1031,3714,0.33%
45,49978,3713,0.33%
46,20807,3642,0.32%
47,36858,3630,0.32%
48,33755,3610,0.32%
49,9206,3576,0.31%
50,19858,3555,0.31%
51,36221,3527,0.31%
52,12412,3519,0.31%
53,40927,3502,0.31%
54,21075,3475,0.31%
55,11018,3468,0.30%
56,33435,3465,0.30%
57,15711,3435,0.30%
58,36287,3427,0.30%
59,46408,3401,0.30%
60,38805,3399,0.30%
61,36949,3362,0.30%
62,17201,3290,0.29%
63,38900,3201,0.28%
64,31471,3164,0.28%
65,60259,3122,0.27%
66,6712,3117,0.27%
67,10031,3090,0.27%
68,42760,3075,0.27%
69,17735,3065,0.27%
70,34009,3054,0.27%
71,46910,3050,0.27%
72,54307,3018,0.27%
73,39483,3009,0.26%
74,54142,2976,0.26%
75,13009,2966,0.26%
76,8948,2956,0.26%
77,27659,2951,0.26%
78,14936,2936,0.26%
79,46578,2936,0.26%
80,7388,2934,0.26%
81,39648,2930,0.26%
82,39861,2916,0.26%
83,17821,2899,0.25%
84,11420,2893,0.25%
85,21330,2875,0.25%
86,1461,2864,0.25%
87,61198,2852,0.25%
88,24383,2844,0.25%
89,5152,2836,0.25%
90,65167,2821,0.25%
91,33545,2811,0.25%
92,65210,2796,0.25%
93,62021,2786,0.24%
94,4011,2780,0.24%
95,50862,2779,0.24%
96,42583,2727,0.24%
97,19939,2663,0.23%
98,32117,2657,0.23%
99,15073,2618,0.23%
100,19711,2613,0.23%
101,28574,2607,0.23%
102,61306,2605,0.23%
103,20551,2586,0.23%
104,10490,2561,0.23%
105,49236,2546,0.22%
106,44908,2539,0.22%
107,27203,2528,0.22%
108,46277,2525,0.22%
109,36634,2490,0.22%
110,9355,2489,0.22%
111,33989,2486,0.22%
112,60942,2466,0.22%
113,51786,2459,0.22%
114,63976,2450,0.22%
115,5743,2425,0.21%
116,2292,2421,0.21%
117,24496,2421,0.21%
118,58218,2392,0.21%
119,49900,2371,0.21%
120,61419,2365,0.21%
121,53279,2361,0.21%
122,48778,2358,0.21%
123,16790,2350,0.21%
124,53118,2350,0.21%
125,44723,2337,0.21%
126,15405,2326,0.20%
127,63282,2323,0.20%
128,23471,2319,0.20%
129,58449,2300,0.20%
130,53493,2298,0.20%
131,50338,2276,0.20%
132,33479,2255,0.20%
133,2913,2254,0.20%
134,60440,2245,0.20%
135,47251,2215,0.19%
136,60472,2209,0.19%
137,6538,2203,0.19%
138,54127,2202,0.19%
139,59220,2200,0.19%
140,32555,2189,0.19%
141,9469,2168,0.19%
142,23027,2159,0.19%
143,15064,2149,0.19%
144,30380,2148,0.19%
145,10808,2141,0.19%
146,59928,2140,0.19%
147,19144,2138,0.19%
148,61320,2137,0.19%
149,20528,2135,0.19%
150,41866,2134,0.19%
151,65502,2116,0.19%
152,64210,2105,0.18%
153,50422,2097,0.18%
154,63799,2096,0.18%
155,94,2094,0.18%
156,41263,2093,0.18%
157,60405,2091,0.18%
158,16775,2077,0.18%
159,8302,2073,0.18%
160,30155,2068,0.18%
161,55247,2062,0.18%
162,33740,2050,0.18%
163,60002,2049,0.18%
164,20010,2046,0.18%
165,18865,2033,0.18%
166,36222,2031,0.18%
167,61981,2029,0.18%
168,6542,2025,0.18%
169,12401,2021,0.18%
170,63048,2021,0.18%
171,33631,2019,0.18%
172,29353,2013,0.18%
173,55332,2011,0.18%
174,44429,2006,0.18%
175,23066,2005,0.18%
176,1346,1992,0.18%
177,28330,1991,0.17%
178,56744,1984,0.17%
179,9386,1983,0.17%
180,60803,1966,0.17%
181,54694,1964,0.17%
182,49971,1959,0.17%
183,19320,1953,0.17%
184,14057,1924,0.17%
185,31875,1924,0.17%
186,26196,1918,0.17%
187,34031,1917,0.17%
188,2094,1914,0.17%
189,14914,1907,0.17%
190,36678,1895,0.17%
191,3469,1888,0.17%
192,4397,1864,0.16%
193,48099,1863,0.16%
194,48614,1862,0.16%
195,16079,1854,0.16%
196,15868,1815,0.16%
197,11859,1812,0.16%
198,46092,1799,0.16%
199,41635,1774,0.16%
200,7444,1769,0.16%
201,31961,1750,0.15%
202,22627,1741,0.15%
203,16167,1740,0.15%
204,60735,1740,0.15%
205,51923,1737,0.15%
206,42443,1732,0.15%
207,14292,1730,0.15%
208,40366,1724,0.15%
209,40100,1709,0.15%
210,7938,1708,0.15%
211,64709,1698,0.15%
212,33287,1697,0.15%
213,29199,1696,0.15%
214,26270,1692,0.15%
215,34579,1691,0.15%
216,13753,1690,0.15%
217,55649,1690,0.15%
218,36704,1686,0.15%
219,33903,1677,0.15%
220,28012,1672,0.15%
221,42795,1671,0.15%
222,4432,1670,0.15%
223,30471,1670,0.15%
224,53456,1660,0.15%
225,34678,1656,0.15%
226,6764,1655,0.15%
227,36047,1655,0.15%
228,56295,1639,0.14%
229,58271,1637,0.14%
230,48362,1628,0.14%
231,49651,1626,0.14%
232,14021,1625,0.14%
233,19069,1620,0.14%
234,43374,1617,0.14%
235,30205,1612,0.14%
236,3452,1611,0.14%
237,18033,1610,0.14%
238,56158,1609,0.14%
239,25411,1607,0.14%
240,60732,1607,0.14%
241,44184,1562,0.14%
242,9171,1561,0.14%
243,22088,1556,0.14%
244,44202,1547,0.14%
245,476,1544,0.14%
246,38662,1541,0.14%
247,39841,1529,0.13%
248,59650,1521,0.13%
249,17788,1520,0.13%
250,38777,1514,0.13%
251,60090,1496,0.13%
252,30691,1489,0.13%
253,38807,1482,0.13%
254,54338,1472,0.13%
255,55676,1466,0.13%
256,57715,1461,0.13%
257,7614,1447,0.13%
258,16544,1444,0.13%
259,63447,1442,0.13%
260,13191,1437,0.13%
261,1006,1429,0.13%
262,49178,1422,0.12%
263,55643,1416,0.12%
264,43412,1412,0.12%
265,11551,1411,0.12%
266,798,1408,0.12%
267,34666,1407,0.12%
268,8001,1389,0.12%
269,34171,1387,0.12%
270,10829,1384,0.12%
271,49412,1378,0.12%
272,5408,1373,0.12%
273,22266,1373,0.12%
274,25757,1372,0.12%
275,6949,1367,0.12%
276,8566,1363,0.12%
277,63723,1361,0.12%
278,34510,1359,0.12%
279,43303,1359,0.12%
280,26523,1352,0.12%
281,19374,1348,0.12%
282,49459,1348,0.12%
283,14804,1324,0.12%
284,30733,1316,0.12%
285,31080,1315,0.12%
286,58649,1311,0.12%
287,61834,1311,0.12%
288,41119,1310,0.12%
289,35568,1304,0.11%
290,47030,1302,0.11%
291,38176,1300,0.11%
292,44606,1300,0.11%
293,46136,1299,0.11%
294,24426,1298,0.11%
295,48768,1297,0.11%
296,64501,1295,0.11%
297,5233,1292,0.11%
298,14606,1286,0.11%
299,58244,1283,0.11%
300,2454,1282,0.11%
301,24362,1280,0.11%
302,62017,1277,0.11%
303,50904,1271,0.11%
304,58402,1246,0.11%
305,6718,1234,0.11%
306,30455,1213,0.11%
307,12794,1208,0.11%
308,18182,1205,0.11%
309,28475,1203,0.11%
310,22473,1190,0.10%
311,39821,1172,0.10%
312,49605,1165,0.10%
313,11497,1148,0.10%
314,28455,1146,0.10%
315,45272,1134,0.10%
316,24083,1126,0.10%
317,31683,1120,0.10%
318,41689,1113,0.10%
319,39530,1108,0.10%
320,59606,1104,0.10%
321,27276,1082,0.10%
322,60388,1073,0.09%
323,25178,1065,0.09%
324,63139,1064,0.09%
325,62831,1061,0.09%
326,5935,1057,0.09%
327,31508,1053,0.09%
328,42686,1051,0.09%
329,51220,1051,0.09%
330,61875,1044,0.09%
331,6250,1036,0.09%
332,30842,1029,0.09%
333,3537,1023,0.09%
334,21575,1020,0.09%
335,22535,1018,0.09%
336,238,1016,0.09%
337,3644,1014,0.09%
338,34483,1008,0.09%
339,19287,1007,0.09%
340,20966,1006,0.09%
341,57226,1004,0.09%
342,64265,999,0.09%
343,49929,998,0.09%
344,3167,996,0.09%
345,25831,996,0.09%
346,21974,993,0.09%
347,63194,986,0.09%
348,6580,982,0.09%
349,49379,981,0.09%
350,47389,978,0.09%
351,40645,977,0.09%
352,6799,976,0.09%
353,8533,976,0.09%
354,47507,975,0.09%
355,37999,971,0.09%
356,11730,970,0.09%
357,23616,969,0.09%
358,48287,967,0.08%
359,193,966,0.08%
360,53793,962,0.08%
361,21413,961,0.08%
362,6289,958,0.08%
363,36874,950,0.08%
364,40644,948,0.08%
365,31598,947,0.08%
366,34130,944,0.08%
367,57264,943,0.08%
368,32932,939,0.08%
369,22285,933,0.08%
370,7335,932,0.08%
371,56029,932,0.08%
372,54872,929,0.08%
373,5612,928,0.08%
374,6230,923,0.08%
375,24472,921,0.08%
376,22893,917,0.08%
377,28753,915,0.08%
378,53042,913,0.08%
379,22757,909,0.08%
380,27656,909,0.08%
381,55380,905,0.08%
382,16703,904,0.08%
383,23083,904,0.08%
384,3314,901,0.08%
385,21893,901,0.08%
386,30319,901,0.08%
387,32432,901,0.08%
388,11651,896,0.08%
389,39085,888,0.08%
390,38689,887,0.08%
391,26725,885,0.08%
392,41970,879,0.08%
393,60949,879,0.08%
394,46965,878,0.08%
395,34173,876,0.08%
396,33875,873,0.08%
397,45035,873,0.08%
398,50306,872,0.08%
399,59718,863,0.08%
400,60169,860,0.08%
401,10153,851,0.07%
402,37326,845,0.07%
403,34098,844,0.07%
404,46127,844,0.07%
405,8500,837,0.07%
406,33296,837,0.07%
407,56381,836,0.07%
408,25770,835,0.07%
409,39814,834,0.07%
410,27190,833,0.07%
411,44967,830,0.07%
412,1909,829,0.07%
413,33940,829,0.07%
414,60508,829,0.07%
415,28859,827,0.07%
416,12702,823,0.07%
417,49318,823,0.07%
418,30767,821,0.07%
419,31973,816,0.07%
420,11515,805,0.07%
421,35362,796,0.07%
422,10575,790,0.07%
423,14930,790,0.07%
424,45827,790,0.07%
425,17790,786,0.07%
426,9373,785,0.07%
427,10016,785,0.07%
428,30547,784,0.07%
429,15163,783,0.07%
430,24643,783,0.07%
431,63965,783,0.07%
432,11688,782,0.07%
433,4194,781,0.07%
434,12824,781,0.07%
435,45456,780,0.07%
436,36891,779,0.07%
437,34363,777,0.07%
438,4367,775,0.07%
439,25167,774,0.07%
440,51462,774,0.07%
441,65224,774,0.07%
442,31700,772,0.07%
443,35185,772,0.07%
444,28221,771,0.07%
445,42964,771,0.07%
446,35503,770,0.07%
447,51856,768,0.07%
448,52632,766,0.07%
449,56276,763,0.07%
450,21435,761,0.07%
451,28758,760,0.07%
452,7112,754,0.07%
453,39443,754,0.07%
454,3676,750,0.07%
455,12850,749,0.07%
456,465,746,0.07%
457,4242,746,0.07%
458,36881,746,0.07%
459,10542,745,0.07%
460,45227,742,0.07%
461,4833,740,0.07%
462,62177,736,0.06%
463,31928,735,0.06%
464,11455,732,0.06%
465,29061,731,0.06%
466,27386,728,0.06%
467,34400,728,0.06%
468,32345,727,0.06%
469,5591,724,0.06%
470,56589,724,0.06%
471,34478,721,0.06%
472,22115,718,0.06%
473,885,716,0.06%
474,1571,711,0.06%
475,37163,710,0.06%
476,14056,708,0.06%
477,22647,705,0.06%
478,4184,702,0.06%
479,26446,701,0.06%
480,28535,700,0.06%
481,24324,699,0.06%
482,64587,698,0.06%
483,7374,696,0.06%
484,27609,693,0.06%
485,49109,693,0.06%
486,7503,692,0.06%
487,11088,686,0.06%
488,21297,680,0.06%
489,33864,677,0.06%
490,13454,676,0.06%
491,41706,672,0.06%
492,3533,671,0.06%
493,5197,671,0.06%
494,61999,668,0.06%
495,8938,667,0.06%
496,23659,665,0.06%
497,36877,665,0.06%
498,18135,663,0.06%
499,65108,661,0.06%
500,50029,659,0.06%
501,7136,657,0.06%
502,4300,656,0.06%
503,47062,655,0.06%
504,32245,654,0.06%
505,24914,649,0.06%
506,30693,649,0.06%
507,63635,648,0.06%
508,8135,647,0.06%
509,48239,647,0.06%
510,55686,647,0.06%
511,4036,645,0.06%
512,48109,645,0.06%
513,56153,645,0.06%
514,51212,644,0.06%
515,35958,637,0.06%
516,24865,633,0.06%
517,41380,633,0.06%
518,35296,630,0.06%
519,57819,628,0.06%
520,30338,627,0.06%
521,21934,626,0.06%
522,46289,623,0.05%
523,487,620,0.05%
524,61262,620,0.05%
525,11412,619,0.05%
526,25111,619,0.05%
527,10221,618,0.05%
528,33310,617,0.05%
529,8544,615,0.05%
530,17579,613,0.05%
531,18402,613,0.05%
532,15228,612,0.05%
533,36452,612,0.05%
534,60704,611,0.05%
535,26740,608,0.05%
536,57736,608,0.05%
537,58968,607,0.05%
538,35724,605,0.05%
539,36774,604,0.05%
540,8930,603,0.05%
541,50264,603,0.05%
542,63398,602,0.05%
543,43162,597,0.05%
544,47306,596,0.05%
545,46842,595,0.05%
546,55906,595,0.05%
547,37663,591,0.05%
548,11659,588,0.05%
549,42041,586,0.05%
550,61868,586,0.05%
551,13322,584,0.05%
552,39725,584,0.05%
553,5443,583,0.05%
554,53086,583,0.05%
555,62429,583,0.05%
556,18707,582,0.05%
557,31628,577,0.05%
558,41250,576,0.05%
559,24528,574,0.05%
560,63583,574,0.05%
561,13176,573,0.05%
562,55804,573,0.05%
563,7594,570,0.05%
564,59194,569,0.05%
565,2474,564,0.05%
566,5237,564,0.05%
567,11128,563,0.05%
568,55571,560,0.05%
569,62103,555,0.05%
570,49306,554,0.05%
571,62712,554,0.05%
572,11430,553,0.05%
573,7085,551,0.05%
574,59252,551,0.05%
575,39718,550,0.05%
576,12143,546,0.05%
577,41536,545,0.05%
578,34567,544,0.05%
579,39773,544,0.05%
580,14182,541,0.05%
581,23122,541,0.05%
582,29937,539,0.05%
583,46896,537,0.05%
584,662,536,0.05%
585,42800,535,0.05%
586,53884,534,0.05%
587,20228,533,0.05%
588,48423,529,0.05%
589,34763,528,0.05%
590,12801,524,0.05%
591,6204,522,0.05%
592,17352,521,0.05%
593,42907,520,0.05%
594,9864,519,0.05%
595,8592,518,0.05%
596,50197,517,0.05%
597,59920,516,0.05%
598,1550,515,0.05%
599,45593,514,0.05%
600,40766,513,0.05%
601,51420,513,0.05%
602,55414,513,0.05%
603,30110,512,0.04%
604,54396,512,0.04%
605,2550,511,0.04%
606,12189,511,0.04%
607,28658,508,0.04%
608,53013,506,0.04%
609,10771,505,0.04%
610,47422,503,0.04%
611,53114,503,0.04%
612,53213,503,0.04%
613,5875,501,0.04%
614,54922,500,0.04%
615,57279,499,0.04%
616,44134,498,0.04%
617,15144,496,0.04%
618,56143,494,0.04%
619,31758,492,0.04%
620,57539,492,0.04%
621,2336,490,0.04%
622,9660,490,0.04%
623,41891,490,0.04%
624,63908,489,0.04%
625,9788,488,0.04%
626,11489,488,0.04%
627,28884,488,0.04%
628,37078,486,0.04%
629,918,484,0.04%
630,49939,484,0.04%
631,9014,482,0.04%
632,42837,480,0.04%
633,42900,478,0.04%
634,18103,477,0.04%
635,10843,476,0.04%
636,11190,476,0.04%
637,35910,476,0.04%
638,21264,472,0.04%
639,24157,472,0.04%
640,53757,471,0.04%
641,10661,470,0.04%
642,37486,469,0.04%
643,5082,467,0.04%
644,23456,467,0.04%
645,48214,467,0.04%
646,45313,465,0.04%
647,2151,464,0.04%
648,21228,464,0.04%
649,40653,457,0.04%
650,45491,457,0.04%
651,31931,456,0.04%
652,27611,446,0.04%
653,30679,446,0.04%
654,5926,443,0.04%
655,26528,443,0.04%
656,31364,443,0.04%
657,38149,442,0.04%
658,44103,441,0.04%
659,21693,440,0.04%
660,23690,440,0.04%
661,27575,438,0.04%
662,57240,435,0.04%
663,20812,434,0.04%
664,22498,433,0.04%
665,24377,433,0.04%
666,20546,432,0.04%
667,5613,431,0.04%
668,31703,431,0.04%
669,34157,430,0.04%
670,5643,429,0.04%
671,31667,428,0.04%
672,38539,427,0.04%
673,45378,426,0.04%
674,32091,423,0.04%
675,45403,422,0.04%
676,54657,422,0.04%
677,54713,421,0.04%
678,60554,418,0.04%
679,9432,417,0.04%
680,12937,417,0.04%
681,56075,416,0.04%
682,2185,412,0.04%
683,49481,411,0.04%
684,51440,411,0.04%
685,65097,411,0.04%
686,39665,409,0.04%
687,39818,407,0.04%
688,48719,407,0.04%
689,60592,407,0.04%
690,6741,406,0.04%
691,23912,406,0.04%
692,51881,405,0.04%
693,33508,404,0.04%
694,6028,402,0.04%
695,53095,402,0.04%
696,35851,398,0.03%
697,54267,398,0.03%
698,32024,397,0.03%
699,38023,397,0.03%
700,15631,396,0.03%
701,19587,395,0.03%
702,29825,395,0.03%
703,47484,393,0.03%
704,27308,392,0.03%
705,57266,392,0.03%
706,5129,391,0.03%
707,40535,391,0.03%
708,65053,391,0.03%
709,4973,388,0.03%
710,33988,388,0.03%
711,4713,384,0.03%
712,32480,384,0.03%
713,5502,383,0.03%
714,48124,383,0.03%
715,38516,380,0.03%
716,6446,379,0.03%
717,31462,379,0.03%
718,4849,378,0.03%
719,5916,378,0.03%
720,17421,378,0.03%
721,27536,378,0.03%
722,30335,378,0.03%
723,38072,378,0.03%
724,42546,378,0.03%
725,52157,378,0.03%
726,29049,376,0.03%
727,2715,375,0.03%
728,25597,373,0.03%
729,34661,373,0.03%
730,43133,371,0.03%
731,9971,370,0.03%
732,32227,370,0.03%
733,36972,370,0.03%
734,23185,369,0.03%
735,5029,368,0.03%
736,37690,368,0.03%
737,63843,367,0.03%
738,62363,365,0.03%
739,59146,363,0.03%
740,12236,362,0.03%
741,21301,362,0.03%
742,24641,362,0.03%
743,63135,362,0.03%
744,49538,360,0.03%
745,25456,359,0.03%
746,40907,355,0.03%
747,55750,353,0.03%
748,57503,351,0.03%
749,6363,350,0.03%
750,5622,349,0.03%
751,12948,348,0.03%
752,14103,348,0.03%
753,25209,346,0.03%
754,38508,346,0.03%
755,6,344,0.03%
756,58763,343,0.03%
757,59837,343,0.03%
758,12379,341,0.03%
759,32514,341,0.03%
760,42720,339,0.03%
761,61627,339,0.03%
762,40126,337,0.03%
763,43122,337,0.03%
764,6237,335,0.03%
765,25682,335,0.03%
766,32455,335,0.03%
767,61804,335,0.03%
768,63425,335,0.03%
769,16848,332,0.03%
770,44183,332,0.03%
771,53421,332,0.03%
772,30225,331,0.03%
773,15400,330,0.03%
774,25324,330,0.03%
775,27415,330,0.03%
776,48828,330,0.03%
777,401,328,0.03%
778,38279,327,0.03%
779,5696,323,0.03%
780,40508,323,0.03%
781,7555,322,0.03%
782,52412,322,0.03%
783,34880,317,0.03%
784,54776,317,0.03%
785,5456,314,0.03%
786,14040,313,0.03%
787,31819,313,0.03%
788,1382,310,0.03%
789,49343,309,0.03%
790,18025,308,0.03%
791,20018,307,0.03%
792,18715,306,0.03%
793,22423,306,0.03%
794,38048,305,0.03%
795,6113,304,0.03%
796,43716,303,0.03%
797,56646,303,0.03%
798,25511,301,0.03%
799,10893,299,0.03%
800,15117,299,0.03%
801,31984,298,0.03%
802,34144,298,0.03%
803,34882,298,0.03%
804,42668,298,0.03%
805,3359,297,0.03%
806,9976,297,0.03%
807,37127,296,0.03%
808,4481,295,0.03%
809,32482,295,0.03%
810,31033,294,0.03%
811,7153,293,0.03%
812,60501,293,0.03%
813,4940,292,0.03%
814,29292,292,0.03%
815,58029,292,0.03%
816,49571,286,0.03%
817,25067,284,0.02%
818,37584,282,0.02%
819,27718,280,0.02%
820,21929,279,0.02%
821,57953,278,0.02%
822,18574,277,0.02%
823,22703,277,0.02%
824,9392,276,0.02%
825,12795,276,0.02%
826,29781,276,0.02%
827,44207,275,0.02%
828,48514,274,0.02%
829,50570,274,0.02%
830,12809,273,0.02%
831,12852,273,0.02%
832,31222,272,0.02%
833,17206,271,0.02%
834,45680,271,0.02%
835,12407,269,0.02%
836,29856,269,0.02%
837,38836,269,0.02%
838,43193,269,0.02%
839,64816,269,0.02%
840,23038,268,0.02%
841,43413,268,0.02%
842,3554,267,0.02%
843,10835,267,0.02%
844,3319,266,0.02%
845,41967,266,0.02%
846,3154,265,0.02%
847,30955,265,0.02%
848,50515,265,0.02%
849,1568,264,0.02%
850,37501,264,0.02%
851,19897,263,0.02%
852,55993,263,0.02%
853,22420,261,0.02%
854,46340,261,0.02%
855,56370,261,0.02%
856,22315,260,0.02%
857,21634,259,0.02%
858,44624,259,0.02%
859,55373,259,0.02%
860,1340,258,0.02%
861,18552,258,0.02%
862,22261,258,0.02%
863,27301,257,0.02%
864,31315,257,0.02%
865,27137,255,0.02%
866,60180,255,0.02%
867,60737,255,0.02%
868,56174,254,0.02%
869,58831,254,0.02%
870,56355,253,0.02%
871,15842,252,0.02%
872,26023,250,0.02%
873,38864,250,0.02%
874,65203,250,0.02%
875,32431,249,0.02%
876,39023,249,0.02%
877,18670,248,0.02%
878,36490,248,0.02%
879,37800,247,0.02%
880,31520,246,0.02%
881,6728,245,0.02%
882,38246,245,0.02%
883,22645,242,0.02%
884,22356,241,0.02%
885,36121,241,0.02%
886,62504,241,0.02%
887,59009,240,0.02%
888,1675,239,0.02%
889,8419,239,0.02%
890,29619,239,0.02%
891,46897,239,0.02%
892,21758,238,0.02%
893,3187,237,0.02%
894,19501,237,0.02%
895,903,236,0.02%
896,2521,235,0.02%
897,5296,234,0.02%
898,37492,234,0.02%
899,50935,234,0.02%
900,11811,233,0.02%
901,15027,231,0.02%
902,12878,230,0.02%
903,18866,230,0.02%
904,36915,230,0.02%
905,48030,230,0.02%
906,59861,228,0.02%
907,57362,227,0.02%
908,739,225,0.02%
909,1957,225,0.02%
910,33779,224,0.02%
911,55647,224,0.02%
912,61547,224,0.02%
913,20852,223,0.02%
914,28265,223,0.02%
915,4565,222,0.02%
916,37785,221,0.02%
917,35507,220,0.02%
918,56716,220,0.02%
919,1891,219,0.02%
920,5607,219,0.02%
921,10282,219,0.02%
922,44562,219,0.02%
923,35663,218,0.02%
924,5415,217,0.02%
925,42649,217,0.02%
926,1648,216,0.02%
927,47486,216,0.02%
928,14674,215,0.02%
929,50692,215,0.02%
930,2598,214,0.02%
931,24538,214,0.02%
932,33374,214,0.02%
933,1201,212,0.02%
934,58541,211,0.02%
935,65159,211,0.02%
936,34959,209,0.02%
937,36017,209,0.02%
938,58103,209,0.02%
939,2355,207,0.02%
940,30894,207,0.02%
941,44529,207,0.02%
942,6884,206,0.02%
943,22313,206,0.02%
944,17566,205,0.02%
945,25732,205,0.02%
946,19782,204,0.02%
947,20127,204,0.02%
948,21167,203,0.02%
949,24721,202,0.02%
950,42731,202,0.02%
951,49153,202,0.02%
952,63933,202,0.02%
953,1734,201,0.02%
954,52714,201,0.02%
955,53558,201,0.02%
956,64235,201,0.02%
957,1593,200,0.02%
958,8656,200,0.02%
959,15599,200,0.02%
960,31359,200,0.02%
961,37619,200,0.02%
962,1696,199,0.02%
963,14211,199,0.02%
964,42861,199,0.02%
965,24133,198,0.02%
966,26620,198,0.02%
967,6797,196,0.02%
968,367,195,0.02%
969,32739,195,0.02%
970,57900,195,0.02%
971,57560,194,0.02%
972,26067,192,0.02%
973,28995,192,0.02%
974,57493,191,0.02%
975,20832,190,0.02%
976,23334,190,0.02%
977,11431,186,0.02%
978,22248,186,0.02%
979,27166,186,0.02%
980,35706,186,0.02%
981,14156,185,0.02%
982,51101,183,0.02%
983,2260,181,0.02%
984,34601,181,0.02%
985,63150,181,0.02%
986,4977,180,0.02%
987,17018,179,0.02%
988,31344,179,0.02%
989,32763,179,0.02%
990,61689,179,0.02%
991,44797,178,0.02%
992,57080,177,0.02%
993,1698,176,0.02%
994,20987,176,0.02%
995,33954,176,0.02%
996,27514,175,0.02%
997,24229,174,0.02%
998,51391,174,0.02%
999,60462,174,0.02%
1000,22702,173,0.02%
1001,12723,172,0.02%
1002,47949,172,0.02%
1003,7162,171,0.02%
1004,22488,171,0.02%
1005,42104,171,0.02%
1006,64426,171,0.02%
1007,6108,170,0.01%
1008,11397,170,0.01%
1009,56671,170,0.01%
1010,62214,170,0.01%
1011,9695,169,0.01%
1012,32417,169,0.01%
1013,36761,169,0.01%
1014,1159,168,0.01%
1015,27096,167,0.01%
1016,49621,167,0.01%
1017,19598,166,0.01%
1018,38348,166,0.01%
1019,11046,165,0.01%
1020,46636,165,0.01%
1021,922,164,0.01%
1022,42009,164,0.01%
1023,17569,162,0.01%
1024,52502,162,0.01%
1025,55563,162,0.01%
1026,59482,162,0.01%
1027,37781,161,0.01%
1028,10904,160,0.01%
1029,44339,158,0.01%
1030,48513,158,0.01%
1031,60740,158,0.01%
1032,6615,157,0.01%
1033,27283,157,0.01%
1034,39211,157,0.01%
1035,64128,156,0.01%
1036,18309,154,0.01%
1037,5366,153,0.01%
1038,31604,153,0.01%
1039,34906,153,0.01%
1040,36585,153,0.01%
1041,44955,153,0.01%
1042,48760,153,0.01%
1043,46726,152,0.01%
1044,27864,151,0.01%
1045,7960,150,0.01%
1046,12597,150,0.01%
1047,36242,149,0.01%
1048,63293,149,0.01%
1049,58069,148,0.01%
1050,51559,146,0.01%
1051,5616,145,0.01%
1052,7399,145,0.01%
1053,16754,145,0.01%
1054,39521,145,0.01%
1055,48282,145,0.01%
1056,24256,144,0.01%
1057,62225,144,0.01%
1058,14603,143,0.01%
1059,46730,143,0.01%
1060,26456,141,0.01%
1061,45788,140,0.01%
1062,2121,139,0.01%
1063,51291,139,0.01%
1064,32662,138,0.01%
1065,49547,138,0.01%
1066,2464,137,0.01%
1067,37114,137,0.01%
1068,40813,137,0.01%
1069,52848,137,0.01%
1070,27879,136,0.01%
1071,33783,136,0.01%
1072,48904,135,0.01%
1073,57197,135,0.01%
1074,1529,134,0.01%
1075,19140,133,0.01%
1076,26714,133,0.01%
1077,38450,133,0.01%
1078,60769,133,0.01%
1079,1105,132,0.01%
1080,34484,132,0.01%
1081,40059,132,0.01%
1082,45696,132,0.01%
1083,44362,131,0.01%
1084,9271,130,0.01%
1085,20077,129,0.01%
1086,23540,128,0.01%
1087,32251,128,0.01%
1088,41081,128,0.01%
1089,44983,128,0.01%
1090,50024,128,0.01%
1091,16243,126,0.01%
1092,37191,126,0.01%
1093,42436,126,0.01%
1094,23972,125,0.01%
1095,25763,125,0.01%
1096,32947,125,0.01%
1097,56789,125,0.01%
1098,58604,125,0.01%
1099,5560,124,0.01%
1100,17412,124,0.01%
1101,39986,124,0.01%
1102,42804,123,0.01%
1103,56090,123,0.01%
1104,4219,121,0.01%
1105,42623,121,0.01%
1106,54279,121,0.01%
1107,56461,121,0.01%
1108,54354,120,0.01%
1109,11605,119,0.01%
1110,48698,119,0.01%
1111,52407,119,0.01%
1112,54645,119,0.01%
1113,54974,118,0.01%
1114,64395,118,0.01%
1115,37419,116,0.01%
1116,42264,116,0.01%
1117,54574,116,0.01%
1118,5065,115,0.01%
1119,1405,114,0.01%
1120,7641,114,0.01%
1121,59605,114,0.01%
1122,65131,114,0.01%
1123,607,113,0.01%
1124,16940,113,0.01%
1125,17236,113,0.01%
1126,63207,113,0.01%
1127,63309,113,0.01%
1128,33089,111,0.01%
1129,35288,111,0.01%
1130,39786,111,0.01%
1131,62577,111,0.01%
1132,42659,110,0.01%
1133,13807,109,0.01%
1134,51998,109,0.01%
1135,53816,109,0.01%
1136,1609,108,0.01%
1137,15085,108,0.01%
1138,44941,108,0.01%
1139,1731,107,0.01%
1140,26712,107,0.01%
1141,27195,107,0.01%
1142,5819,106,0.01%
1143,63417,106,0.01%
1144,65491,106,0.01%
1145,16756,105,0.01%
1146,55190,104,0.01%
1147,29549,103,0.01%
1148,35334,103,0.01%
1149,9371,102,0.01%
1150,21941,102,0.01%
1151,26958,102,0.01%
1152,29552,102,0.01%
1153,49779,102,0.01%
1154,55646,102,0.01%
1155,14870,101,0.01%
1156,25237,101,0.01%
1157,40834,101,0.01%
1158,40840,101,0.01%
1159,50360,101,0.01%
1160,65153,101,0.01%
1161,8879,100,0.01%
1162,20142,100,0.01%
1163,27962,100,0.01%
1164,31501,100,0.01%
1165,39768,100,0.01%
1166,9327,99,0.01%
1167,14419,99,0.01%
1168,34434,99,0.01%
1169,49047,99,0.01%
1170,51517,99,0.01%
1171,15542,98,0.01%
1172,30439,98,0.01%
1173,42917,98,0.01%
1174,55867,98,0.01%
1175,59556,98,0.01%
1176,61982,98,0.01%
1177,5802,97,0.01%
1178,15825,97,0.01%
1179,11597,96,0.01%
1180,12146,96,0.01%
1181,7063,95,0.01%
1182,21455,95,0.01%
1183,20050,94,0.01%
1184,45366,94,0.01%
1185,64768,94,0.01%
1186,18002,93,0.01%
1187,24432,93,0.01%
1188,33645,93,0.01%
1189,41996,93,0.01%
1190,10143,92,0.01%
1191,34215,92,0.01%
1192,62349,92,0.01%
1193,62595,92,0.01%
1194,22551,91,0.01%
1195,64588,91,0.01%
1196,15005,90,0.01%
1197,3009,89,0.01%
1198,6913,89,0.01%
1199,6654,88,0.01%
1200,65427,88,0.01%
1201,50472,87,0.01%
1202,41518,86,0.01%
1203,45202,86,0.01%
1204,982,85,0.01%
1205,20953,85,0.01%
1206,34513,85,0.01%
1207,4972,84,0.01%
1208,63228,84,0.01%
1209,9995,83,0.01%
1210,17659,83,0.01%
1211,33718,83,0.01%
1212,37639,83,0.01%
1213,52213,83,0.01%
1214,63067,83,0.01%
1215,48480,82,0.01%
1216,22972,81,0.01%
1217,15021,80,0.01%
1218,25609,80,0.01%
1219,35368,80,0.01%
1220,2392,79,0.01%
1221,3184,79,0.01%
1222,6064,79,0.01%
1223,12720,79,0.01%
1224,42293,79,0.01%
1225,47427,79,0.01%
1226,55985,79,0.01%
1227,56231,79,0.01%
1228,56509,79,0.01%
1229,15331,78,0.01%
1230,17251,78,0.01%
1231,19083,77,0.01%
1232,30825,77,0.01%
1233,38344,77,0.01%
1234,54268,77,0.01%
1235,27604,76,0.01%
1236,32115,76,0.01%
1237,43725,76,0.01%
1238,44482,76,0.01%
1239,59151,76,0.01%
1240,39631,75,0.01%
1241,41534,75,0.01%
1242,44297,75,0.01%
1243,29005,74,0.01%
1244,30251,74,0.01%
1245,10017,73,0.01%
1246,24772,73,0.01%
1247,4247,72,0.01%
1248,6633,72,0.01%
1249,13361,72,0.01%
1250,65033,72,0.01%
1251,32906,71,0.01%
1252,6785,70,0.01%
1253,7920,70,0.01%
1254,20954,70,0.01%
1255,28548,70,0.01%
1256,34062,70,0.01%
1257,38180,70,0.01%
1258,65308,69,0.01%
1259,16971,65,0.01%
1260,35556,65,0.01%
1261,14813,64,0.01%
1262,27134,64,0.01%
1263,37623,64,0.01%
1264,39916,64,0.01%
1265,807,63,0.01%
1266,8624,63,0.01%
1267,17618,63,0.01%
1268,43195,63,0.01%
1269,5972,62,0.01%
1270,8281,62,0.01%
1271,41959,62,0.01%
1272,42178,62,0.01%
1273,529,61,0.01%
1274,48878,60,0.01%
1275,51146,60,0.01%
1276,55392,60,0.01%
1277,64239,60,0.01%
1278,13344,59,0.01%
1279,27140,59,0.01%
1280,49308,59,0.01%
1281,60619,59,0.01%
1282,63490,59,0.01%
1283,6359,58,0.01%
1284,18703,58,0.01%
1285,22637,58,0.01%
1286,34245,58,0.01%
1287,41476,58,0.01%
1288,5068,57,0.01%
1289,20467,57,0.01%
1290,22618,57,0.01%
1291,25651,57,0.01%
1292,51524,57,0.01%
1293,3651,56,0.00%
1294,5629,56,0.00%
1295,10635,56,0.00%
1296,23225,56,0.00%
1297,27564,56,0.00%
1298,35598,56,0.00%
1299,12926,55,0.00%
1300,14151,55,0.00%
1301,39790,55,0.00%
1302,60547,55,0.00%
1303,8742,54,0.00%
1304,17383,54,0.00%
1305,63795,54,0.00%
1306,15678,53,0.00%
1307,16380,53,0.00%
1308,17806,53,0.00%
1309,36412,53,0.00%
1310,41026,53,0.00%
1311,21033,52,0.00%
1312,22090,52,0.00%
1313,2225,51,0.00%
1314,21984,51,0.00%
1315,40609,51,0.00%
1316,46871,51,0.00%
1317,52575,51,0.00%
1318,59370,51,0.00%
1319,59494,51,0.00%
1320,62108,51,0.00%
1321,64612,51,0.00%
1322,4378,50,0.00%
1323,8833,50,0.00%
1324,19098,50,0.00%
1325,28503,50,0.00%
1326,37980,50,0.00%
1327,6052,49,0.00%
1328,28311,49,0.00%
1329,45175,49,0.00%
1330,47471,49,0.00%
1331,24203,48,0.00%
1332,55085,48,0.00%
1333,63422,48,0.00%
1334,7082,47,0.00%
1335,9055,47,0.00%
1336,15616,47,0.00%
1337,29026,47,0.00%
1338,29104,47,0.00%
1339,29547,47,0.00%
1340,29994,47,0.00%
1341,31137,47,0.00%
1342,33179,47,0.00%
1343,41027,47,0.00%
1344,63963,47,0.00%
1345,15286,46,0.00%
1346,19096,46,0.00%
1347,35737,46,0.00%
1348,52326,46,0.00%
1349,54791,46,0.00%
1350,62817,46,0.00%
1351,14486,45,0.00%
1352,54159,45,0.00%
1353,57950,45,0.00%
1354,4917,44,0.00%
1355,15549,44,0.00%
1356,30745,44,0.00%
1357,33725,44,0.00%
1358,49568,43,0.00%
1359,8643,42,0.00%
1360,46952,42,0.00%
1361,61372,42,0.00%
1362,65456,42,0.00%
1363,1252,41,0.00%
1364,11334,41,0.00%
1365,30160,41,0.00%
1366,30717,41,0.00%
1367,62319,41,0.00%
1368,18901,40,0.00%
1369,22497,40,0.00%
1370,45360,40,0.00%
1371,63845,40,0.00%
1372,2491,39,0.00%
1373,35384,39,0.00%
1374,46344,39,0.00%
1375,4546,38,0.00%
1376,17908,38,0.00%
1377,25775,38,0.00%
1378,29089,38,0.00%
1379,40409,38,0.00%
1380,4336,37,0.00%
1381,7577,37,0.00%
1382,18990,37,0.00%
1383,20349,37,0.00%
1384,33082,37,0.00%
1385,36542,37,0.00%
1386,49806,37,0.00%
1387,50356,37,0.00%
1388,25367,36,0.00%
1389,32854,36,0.00%
1390,32993,36,0.00%
1391,36687,36,0.00%
1392,54415,36,0.00%
1393,54667,36,0.00%
1394,56807,36,0.00%
1395,62042,36,0.00%
1396,1655,35,0.00%
1397,8027,35,0.00%
1398,13559,35,0.00%
1399,19595,35,0.00%
1400,35053,35,0.00%
1401,265,34,0.00%
1402,23199,34,0.00%
1403,32640,34,0.00%
1404,49415,34,0.00%
1405,65296,34,0.00%
1406,11924,33,0.00%
1407,17833,33,0.00%
1408,21678,33,0.00%
1409,26294,33,0.00%
1410,32210,33,0.00%
1411,38789,33,0.00%
1412,46756,33,0.00%
1413,47321,33,0.00%
1414,47366,33,0.00%
1415,56648,33,0.00%
1416,57839,33,0.00%
1417,37569,32,0.00%
1418,38922,32,0.00%
1419,55166,32,0.00%
1420,57278,32,0.00%
1421,3726,31,0.00%
1422,7828,31,0.00%
1423,55949,31,0.00%
1424,9535,30,0.00%
1425,43514,30,0.00%
1426,43768,30,0.00%
1427,43962,30,0.00%
1428,61259,30,0.00%
1429,43986,29,0.00%
1430,34907,28,0.00%
1431,56982,28,0.00%
1432,62694,28,0.00%
1433,13782,27,0.00%
1434,17674,27,0.00%
1435,32816,27,0.00%
1436,43170,27,0.00%
1437,49624,27,0.00%
1438,57222,27,0.00%
1439,61072,27,0.00%
1440,19210,26,0.00%
1441,56803,26,0.00%
1442,57052,26,0.00%
1443,59800,26,0.00%
1444,62662,26,0.00%
1445,20310,25,0.00%
1446,24838,25,0.00%
1447,38148,25,0.00%
1448,43316,25,0.00%
1449,45067,25,0.00%
1450,45838,25,0.00%
1451,45887,25,0.00%
1452,59902,25,0.00%
1453,6038,24,0.00%
1454,15550,24,0.00%
1455,18663,24,0.00%
1456,19228,24,0.00%
1457,36801,24,0.00%
1458,42144,24,0.00%
1459,47065,24,0.00%
1460,55509,24,0.00%
1461,7903,23,0.00%
1462,17315,23,0.00%
1463,29379,23,0.00%
1464,36225,23,0.00%
1465,39834,23,0.00%
1466,40867,23,0.00%
1467,61393,23,0.00%
1468,28084,22,0.00%
1469,40705,22,0.00%
1470,62795,22,0.00%
1471,17849,21,0.00%
1472,26496,21,0.00%
1473,33199,21,0.00%
1474,33911,21,0.00%
1475,36226,21,0.00%
1476,43015,21,0.00%
1477,43787,21,0.00%
1478,52230,21,0.00%
1479,53732,21,0.00%
1480,5865,20,0.00%
1481,17546,20,0.00%
1482,21460,20,0.00%
1483,21602,20,0.00%
1484,38999,20,0.00%
1485,42911,20,0.00%
1486,63649,20,0.00%
1487,4995,19,0.00%
1488,8640,19,0.00%
1489,29870,19,0.00%
1490,47312,19,0.00%
1491,40631,18,0.00%
1492,58854,18,0.00%
1493,61805,18,0.00%
1494,6245,17,0.00%
1495,55866,17,0.00%
1496,58545,17,0.00%
1497,60887,17,0.00%
1498,10099,16,0.00%
1499,14209,16,0.00%
1500,21170,16,0.00%
1501,23881,16,0.00%
1502,39598,16,0.00%
1503,40132,16,0.00%
1504,45317,16,0.00%
1505,49408,16,0.00%
1506,720,15,0.00%
1507,6778,15,0.00%
1508,11568,15,0.00%
1509,12439,15,0.00%
1510,14730,15,0.00%
1511,28424,15,0.00%
1512,46882,15,0.00%
1513,42671,14,0.00%
1514,56149,14,0.00%
1515,58603,14,0.00%
1516,9511,13,0.00%
1517,23801,13,0.00%
1518,25690,13,0.00%
1519,7618,12,0.00%
1520,22407,12,0.00%
1521,32942,12,0.00%
1522,46469,12,0.00%
1523,4944,11,0.00%
1524,13961,11,0.00%
1525,23024,11,0.00%
1526,26096,11,0.00%
1527,26557,11,0.00%
1528,30030,11,0.00%
1529,30919,11,0.00%
1530,32992,11,0.00%
1531,39728,11,0.00%
1532,42637,11,0.00%
1533,43336,11,0.00%
1534,49588,11,0.00%
1535,53002,11,0.00%
1536,58198,11,0.00%
1537,59016,11,0.00%
1538,61264,11,0.00%
1539,62697,11,0.00%
1540,1945,10,0.00%
1541,11645,10,0.00%
1542,13202,10,0.00%
1543,17171,10,0.00%
1544,33196,10,0.00%
1545,57923,10,0.00%
1546,768,9,0.00%
1547,5950,9,0.00%
1548,34774,9,0.00%
1549,49270,9,0.00%
1550,51404,9,0.00%
1551,57199,9,0.00%
1552,61327,9,0.00%
1553,17038,8,0.00%
1554,32410,8,0.00%
1555,444,7,0.00%
1556,5262,7,0.00%
1557,6982,7,0.00%
1558,35750,7,0.00%
1559,52904,7,0.00%
1560,9009,6,0.00%
1561,11784,6,0.00%
1562,19506,6,0.00%
1563,35179,6,0.00%
1564,53225,6,0.00%
1565,53992,6,0.00%
1566,58827,6,0.00%
1567,60532,6,0.00%
1568,61950,6,0.00%
1569,64024,6,0.00%
1570,5289,5,0.00%
1571,18359,5,0.00%
1572,21973,5,0.00%
1573,22061,5,0.00%
1574,24677,5,0.00%
1575,30690,5,0.00%
1576,32364,5,0.00%
1577,34306,5,0.00%
1578,37884,5,0.00%
1579,55146,5,0.00%
1580,56066,5,0.00%
1581,56967,5,0.00%
1582,60302,5,0.00%
1583,61478,5,0.00%
1584,63944,5,0.00%
1585,1427,4,0.00%
1586,6534,4,0.00%
1587,6981,4,0.00%
1588,8348,4,0.00%
1589,17445,4,0.00%
1590,24755,4,0.00%
1591,36543,4,0.00%
1592,51235,4,0.00%
1593,56435,4,0.00%
1594,61050,4,0.00%
1595,62162,4,0.00%
1596,30926,3,0.00%
1597,54043,3,0.00%
1598,55908,3,0.00%
1599,57061,3,0.00%
1600,57984,3,0.00%
1601,20844,2,0.00%
1602,24691,2,0.00%
1603,46106,2,0.00%
1604,46292,2,0.00%
1605,62217,2,0.00%
1606,63357,2,0.00%
1607,5087,1,0.00%
1608,17814,1,0.00%
1609,27285,1,0.00%
1610,33363,1,0.00%
1611,34625,1,0.00%
1612,37504,1,0.00%
1613,39447,1,0.00%
1614,60204,1,0.00%
1615,64842,1,0.00%
